id;name;handle
c823390c-0fb1-4824-823d-b3a2dc0084cd;for;hospitable without
d282cc7e-0b43-4a36-a944-1f06ea6ce377;hence failing;agreement individual
72bf5d15-93dc-4451-8097-860eddb60634;dusk;than
3c3aad57-9ee4-4fe3-9fa8-da278910976d;dead gadzooks until;gah treble
008e0453-d34b-4380-927b-c0563fcdb33f;minus barge;jagged amid dependency
4a91ff7d-698f-4e23-9881-b0ccec2e74fb;braid eek;marvelous insert as
26c1b371-5b41-4866-aa01-488f73eeab04;impolite;and
7ae39e64-3c7b-4678-b507-9cb9c812845c;yet certification;turbulent
13ab0d45-0d4c-4aae-af20-5ad30486d9d6;whoa inconsequential;after woot
e92019ff-8eb6-44f2-99d5-b9ee22232d85;soX;grok aha
7404fd12-b4c2-4e82-a19b-5e77eaeafaa2;outnumber unto hairy;swelter
20a865ad-2ae0-49b9-8eef-c101e2279803;so whose;keenly poorly whenever
a3c3bce2-a99f-418c-8d76-129d5e94de17;ack precedent why;graduate sensitize although
150ee7f0-57ed-4772-8a8c-ac511fce81d3;gratefully comestible forsaken;amongst
004c4bce-fb23-4590-808e-e2d7c9c0d850;yuck er;fearless qua instructor
7eff23e7-dba4-4b31-bf95-0d3052a09f29;per;although reboot manage
711da249-4141-4951-8090-a3c6a0542d86;gosh save provider;indeed unibody
3a150a69-98f2-4d85-bcab-cf7e70c75f5f;wherever yahoo aboard;super
0b4c4ad5-e068-453d-83b8-fb33da99a17f;roadway;rare
a43d3cd0-4900-4af5-bb01-b138ff0d9e86;respray clearly;uh-huh
f71e8945-0967-42b1-aeb0-72e2d0a553b7;generously pixellate tentacle;going idolized qua
047ed62f-113b-4d55-a513-81929e5bb4fa;disappointment beneath yuck;vice
87eee631-046d-4f18-98c6-d4fae86e721b;zowie;satisfy pfft
6c22b4f1-3f43-434e-81ff-f623d4d68f01;before where vivid;upright ah enormously
0d0a4006-7857-40cd-b3b6-85495fc10127;pitiful;keenly
c8f8fc2d-cf6f-4676-9799-6767373e377a;replacement variable;not colorfully ouch
07667352-a032-412b-a13d-74429a521ded;crest;muddy
518e7a37-7989-4582-9f4a-0576cd3bd979;yippee black;jaggedly
8ce35c60-2bae-495b-8edc-bc0b955a6617;ostrich surge grandson;because subsidy
83f19c86-ca09-4a25-b254-babe85e082b8;blissfully;elevation reward
