id;title;content;date
ee37db8b-a300-4912-877a-beafaa177bd7;foolishly;../fake-data/blob/hipster.txt;2026-07-06T19:03:09
8255bae0-b05a-4349-bd62-df10c8c1a44d;poorly;../fake-data/blob/hipster.txt;2026-07-07T16:27:21
cb8a7ed3-c0ae-4076-b69e-a5717202c5ef;often geez innovation;../fake-data/blob/hipster.txt;2026-07-07T05:28:12
1bf88cec-98c5-4b37-9452-3fa04008ecd3;about midst pish;../fake-data/blob/hipster.txt;2026-07-07T07:51:50
2389a397-f164-44b8-9ec8-ea944134d50e;scarily ravel per;../fake-data/blob/hipster.txt;2026-07-07T01:27:29
f26f1d97-3475-4a06-a789-3a393aac019c;bathhouse absent design;../fake-data/blob/hipster.txt;2026-07-07T04:30:39
4ade341e-99e1-442d-9a93-c3febc9d001f;bah because up;../fake-data/blob/hipster.txt;2026-07-07T01:19:04
3dadd9db-f662-4eb2-b303-57f0c5c66ac2;standard yahoo;../fake-data/blob/hipster.txt;2026-07-07T11:34:10
05fd0e5e-c722-4d45-a591-6e28875154c6;massive when so;../fake-data/blob/hipster.txt;2026-07-06T21:45:06
571dda84-07c3-4b4c-ba8c-6c50668e6f6e;because representation maul;../fake-data/blob/hipster.txt;2026-07-06T22:06:42
c14eb0a9-d805-4ad2-9156-c21b0887410a;bourgeoisie vivaciously so;../fake-data/blob/hipster.txt;2026-07-07T09:43:28
c48f1b0c-1e24-454b-b45a-aaeb48163c0d;duh twine;../fake-data/blob/hipster.txt;2026-07-07T05:22:06
a883d408-2ad3-4c5e-a2a5-10fd749aabbc;gently far never;../fake-data/blob/hipster.txt;2026-07-07T10:28:39
ac0678b7-9c6d-4393-af6c-d374727f938e;hmph now;../fake-data/blob/hipster.txt;2026-07-07T02:06:44
92f44a89-7e3c-4a5a-8aa2-fa598d4defcc;kindly via;../fake-data/blob/hipster.txt;2026-07-07T10:39:47
55472cc9-7a0c-45a0-9408-9eca9f17272a;though schlep zowie;../fake-data/blob/hipster.txt;2026-07-07T03:41:46
fbb17323-542e-4f6d-ba57-d32e50ae3ee6;um phooey formamide;../fake-data/blob/hipster.txt;2026-07-07T16:57:20
2603aed1-a7b0-4a28-8970-a314e1c44d9e;squeaky mysteriously splash;../fake-data/blob/hipster.txt;2026-07-07T06:42:26
dcbe8160-54c7-4755-8622-9a9152a6f102;internalize sell;../fake-data/blob/hipster.txt;2026-07-07T01:05:01
9cd574b0-4915-4eaa-95ea-f92b26dab5f2;potentially;../fake-data/blob/hipster.txt;2026-07-06T23:51:24
335f2fe3-9c4c-43de-85a4-585dbc0f6c63;swelter;../fake-data/blob/hipster.txt;2026-07-06T21:04:13
3c1b0f4f-ac1a-4438-a97e-0f84243c5493;detain if willfully;../fake-data/blob/hipster.txt;2026-07-07T08:11:17
e6e082c1-0941-4dc0-860d-712226badf44;self-reliant atop;../fake-data/blob/hipster.txt;2026-07-06T23:18:03
c11732b3-5416-425c-99c2-3cfc2c3c6155;sushi mask cheerfully;../fake-data/blob/hipster.txt;2026-07-07T08:45:41
943e0eee-fb7d-4c7c-827b-6be763b2e0ac;gray tiny gee;../fake-data/blob/hipster.txt;2026-07-07T07:09:28
99635111-7ff8-4d91-a6c2-8fb63121b49b;chasuble unit;../fake-data/blob/hipster.txt;2026-07-06T18:34:45
aa6a682e-62fa-41bf-b45b-982c86012e1a;upside-down the hoof;../fake-data/blob/hipster.txt;2026-07-07T15:38:49
0d690eca-bc43-4e42-af5a-4691eec2ab6b;larva since;../fake-data/blob/hipster.txt;2026-07-07T10:59:09
44067ff9-da7b-4f8d-8d8f-91654ce71862;dreamily between;../fake-data/blob/hipster.txt;2026-07-07T10:49:01
ea8b4252-203b-4d01-8541-b7e51734c6c0;whoa however;../fake-data/blob/hipster.txt;2026-07-06T17:22:49
