id;login
0517490f-21fd-4504-99cf-58402b1259de;exactly where
741b57b5-7144-4888-96da-04da3064d55f;ouchXXX
d0ca181c-852c-4851-a1fb-29d5cca30541;supportive
eeb7ab01-f144-4eac-92ee-0540570ac76b;boohooX
7d12f6db-7056-4ee4-8ebd-f3cf22772ba9;though home procurement
077cbdc7-cb60-48ba-897d-796b94086e7c;after as huzzah
913ca50f-4d65-4ce6-ba8f-5290d443ef7d;round ill
d146cfc9-de05-478e-822f-1b15f5873236;informal
2fa3442b-922e-407f-9088-b8328f31399e;insideX
a238da8f-6b88-4666-b2c9-a9d49ed27f08;status given thin
68eee509-8535-44fa-97e0-9b97863519a5;thyme uncommon grade
ea67ea33-46ea-4649-b48b-040ac47277a3;untoXXX
a1488c2d-f980-4264-b156-e7d6234b3695;erXXXXX
a444c937-266c-4ad7-b347-61d5fc27bd07;outfoxX
cc3a71cb-351e-482f-82e1-dcf804a11859;wrong following um
2d30a62d-3dc3-42b1-a859-d972dd0d67c2;beep ack
cac25c4b-b4ce-4f72-bee3-b89f8d793c0a;dress patroller larva
fbfcff8b-b0e0-416a-9439-f5485b6e4070;ill desk bug
11969c63-cac8-415a-ae4b-f19c074d4383;diversity aw
fda97f49-2cd5-4ba9-affa-e3852069e329;zowieXX
5502f641-e8c0-4acf-9e5a-aca09902a53e;importance in
6e2cd82a-e8e2-467d-bbaf-f6c4fbc4854a;gadzooks
340921a1-41e8-401a-8588-264672342c24;while but
824d7ad4-1d6b-41df-92d4-76e1ef38aded;boohoo mmm stigmatize
e1da40e1-daef-4ae3-907b-bdc1d703e291;withinX
b67ee267-953e-4af7-95b1-37beabd2ec66;once carelessly penalise
6916692a-28c0-4bbe-9545-c8e645d3fc90;pace like
3f6e4160-a858-4c05-8d64-ee4efd6a1bb0;casement pish
931caa12-d314-4c8a-8ab1-632bfbe37d13;silt psst cod
cc947a28-35bf-4c8d-b8ba-115ee8e6369d;aboard wriggler bah
