id;file_name;file_extension;create_date;file;file_content_type;approved
7dbdff1a-9a72-4224-bc46-4143fad80320;pulverize since;convince p;2026-05-30T18:57:22;../fake-data/blob/hipster.png;image/png;false
e77213a6-e710-4166-b3d9-5372b6e23426;per more;to cake sh;2026-05-30T10:46:54;../fake-data/blob/hipster.png;image/png;true
66f70d92-48f8-4606-9c98-7cb7b11df766;inside;representa;2026-05-30T02:11:42;../fake-data/blob/hipster.png;image/png;false
5c7bdab9-5917-448a-9c6b-ecf1ced4d00d;phooey aboard;drat;2026-05-30T13:29:44;../fake-data/blob/hipster.png;image/png;true
03043228-0057-4bcf-b11f-9c52271c6add;fork questioningly alongside;amend usel;2026-05-30T08:30:40;../fake-data/blob/hipster.png;image/png;true
3918f5d6-bc6b-491a-9d80-7c5d58ed964c;since nor;baritone;2026-05-30T03:48:51;../fake-data/blob/hipster.png;image/png;true
5a8cc494-9569-4928-8a9d-db24caa26c42;forgery or;when;2026-05-30T23:19:00;../fake-data/blob/hipster.png;image/png;true
1e99c8d9-83e2-462b-b27c-519a70f7158f;powerfully dusk shyly;gloat foll;2026-05-30T07:12:37;../fake-data/blob/hipster.png;image/png;false
346d1b87-ed8b-4982-b755-b10f53c88c7a;youthfully;legal;2026-05-30T21:20:20;../fake-data/blob/hipster.png;image/png;false
b579adcd-4cb5-4106-a230-b01928b3ccca;populist ouch;schedule t;2026-05-30T12:03:49;../fake-data/blob/hipster.png;image/png;false
c58b43ed-6190-4104-a247-e07504621b63;since once;worth tens;2026-05-30T13:08:18;../fake-data/blob/hipster.png;image/png;true
7854c73a-c06a-419f-a3d7-3c04c187e499;nor;substantia;2026-05-30T11:46:53;../fake-data/blob/hipster.png;image/png;true
f6ace2aa-d2db-4577-9d03-54d9810ab758;um underneath woot;monocle;2026-05-30T18:19:30;../fake-data/blob/hipster.png;image/png;false
868dc554-41f9-4ee0-a58b-d0b1d0d42162;solder;spirit how;2026-05-31T02:05:27;../fake-data/blob/hipster.png;image/png;false
2e05b76b-c3cb-4706-a984-c85a8342a258;within meh rarely;wildly ove;2026-05-31T00:35:00;../fake-data/blob/hipster.png;image/png;false
9df93c71-6d83-4901-9c8b-820d857ef420;cleverly overload minty;evince gui;2026-05-30T09:32:46;../fake-data/blob/hipster.png;image/png;true
374cf590-7343-4d16-b27b-aad195312a2b;beneath;woot silen;2026-05-30T09:13:50;../fake-data/blob/hipster.png;image/png;false
77c59eab-df11-48ae-b3c4-c010e30b273a;sans loudly mmm;busy forgo;2026-05-30T07:53:58;../fake-data/blob/hipster.png;image/png;false
0a00e2d1-f11a-40eb-8254-be40f247cbd2;without;ouch where;2026-05-30T17:55:28;../fake-data/blob/hipster.png;image/png;false
57c6fb20-4a4a-42c3-a404-fdd9bf2edd08;yowza;ack infini;2026-05-30T02:40:51;../fake-data/blob/hipster.png;image/png;false
33ff88e2-e8c9-4288-ac4f-25d07126493a;crackle truly;dreamily w;2026-05-30T22:03:16;../fake-data/blob/hipster.png;image/png;true
b3cdbede-ca11-4e60-9f97-05c44a33f4d7;merge hmph;because a ;2026-05-30T19:50:37;../fake-data/blob/hipster.png;image/png;false
e1621f85-1a51-4740-892b-81df62e050b5;tune-up that;procuremen;2026-05-30T09:27:20;../fake-data/blob/hipster.png;image/png;false
d359cc6b-eb1f-487d-93f0-d3475b3a820d;mature meanwhile;terrorise ;2026-05-30T09:54:16;../fake-data/blob/hipster.png;image/png;false
48d9f65e-37ba-4344-ba78-0b4d7615e809;scar oblong huzzah;brr silent;2026-05-30T12:27:27;../fake-data/blob/hipster.png;image/png;true
21e50c21-d94f-4ac4-ac9d-0cbdcdfa8284;likewise;apud nasal;2026-05-30T17:33:03;../fake-data/blob/hipster.png;image/png;false
c65dc342-5cb0-428a-9d18-48439a48f070;greatly basic;ecstatic m;2026-05-30T06:47:28;../fake-data/blob/hipster.png;image/png;true
b48849cd-e816-4674-9320-37c43f047773;entrench;tuber sati;2026-05-30T07:11:25;../fake-data/blob/hipster.png;image/png;true
3bd7c53a-8fcf-4bd3-9d2e-15c53f33e617;yippee;between yi;2026-05-30T21:50:50;../fake-data/blob/hipster.png;image/png;false
35e9ec29-b8e9-4c12-b66f-db11d0828be2;ouch rationalise;yahoo whoa;2026-05-30T06:37:31;../fake-data/blob/hipster.png;image/png;true
